,name,image,price_dollar,price_som,description,views,price_soms
0,Acura MDX,,$ 20 000,,"–ü—Ä–æ–¥–∞—é –ª–∏–±–æ –º–µ–Ω—è—é 
–û–±–º–µ–Ω –≤ –æ–±–µ —Å—Ç–æ—Ä–æ–Ω—ã 
ACURA ( Honda ) MDX 
–†–µ—Å—Ç–∞–π–ª–∏–Ω–≥ 2010–≥–æ–¥ /11 –º–µ—Å—è—Ü 
4 –≤–¥ / –±–µ–Ω–∑–∏–Ω 
–û–±—ä–µ–º 3.7 –∞–≤—Ç–æ–º–∞—Ç 
–í —Å–∞–º–æ–π –ø–æ–ª–Ω–æ–π –∫–æ–º–ø–ª–µ–∫—Ç–∞—Ü–∏–∏ 
3 —Ä—è–¥–∞ —Å–∏–¥–µ–Ω–∏–π 
–ü—Ä–æ–±–µ–≥ –æ—Ä–∏–≥–∏–Ω–∞–ª 198-000 –∫–º 
–°–æ—Å—Ç–æ—è–Ω–∏–µ –∞–≤—Ç–æ –∏–¥–µ–∞–ª—å–Ω–æ–µ 
–í—Å—è –≤ —Ä–æ–¥–Ω–æ–π –∫—Ä–∞—Å–∫–µ 
–°–∞–ª–æ–Ω –∫–æ–∂–∞ / –º–æ–Ω–∏—Ç–æ—Ä / –∫–∞–º–µ—Ä–∞ –∑–∞–¥–Ω–µ–≥–æ –≤–∏–¥–∞ –≤—Å–µ –æ–ø—Ü–∏–∏ —Ä–∞–±–æ—Ç–∞—é—Ç 
–ê–≤—Ç–æ –±–µ–∑ –≤–ª–æ–∂–µ–Ω–∏–π 
–û–±–º–µ–Ω –≤ –æ–±–µ —Å—Ç–æ—Ä–æ–Ω—ã 
–¶–µ–Ω–∞ : 20-000 $ 
–¢–µ–ª 0755 696666",56,1 790 000 —Å–æ–º
1,Acura MDX,,$ 20 500,,"üìå –ü—Ä–µ–¥–ª–∞–≥–∞–µ–º –≤–∞–º –ø—Ä–∏–æ–±—Ä–µ—Å—Ç–∏ –¥–∞–Ω–Ω—ã–π –∏–ª–∏ –ª—é–±–æ–π –¥—Ä—É–≥–æ–π –∞–≤—Ç–æ–º–æ–±–∏–ª—å, —Å —á–∏—Å—Ç–æ–π –∏—Å—Ç–æ—Ä–∏–µ–π, –æ—Ä–∏–≥–∏–Ω–∞–ª—å–Ω—ã–º –ø—Ä–æ–±–µ–≥–æ–º –∏ –±–µ–∑ –ø–æ—Å—Ä–µ–¥–Ω–∏–∫–æ–≤ (–ø–µ—Ä–µ–∫—É–ø–æ–≤). –ú—ã –ø—Ä–µ–¥–æ—Å—Ç–∞–≤–ª—è–µ–º –≤–æ–∑–º–æ–∂–Ω–æ—Å—Ç—å –ø—Ä–æ–≤–µ—Ä–∏—Ç—å –∏—Å—Ç–æ—Ä–∏—é –∞–≤—Ç–æ–º–æ–±–∏–ª—è –¥–æ –µ–≥–æ –ø–æ–∫—É–ø–∫–∏ –Ω–∞ –∞—É–∫—Ü–∏–æ–Ω–µ.

–†–∞–±–æ—Ç–∞–µ–º —Å –∞—É–∫—Ü–∏–æ–Ω–∞–º–∏ –°–®–ê (Copart, IAAI, Manheim), —Ç–∞–∫ –∂–µ –º–æ–∂–µ–º –ø–æ–¥–æ–±—Ä–∞—Ç—å –∞–≤—Ç–æ –æ—Ç —Å–æ–±—Å—Ç–≤–µ–Ω–Ω–∏–∫–∞, –Ω–∞—à–∏ –∫–≤–∞–ª–∏—Ñ–∏—Ü–∏—Ä–æ–≤–∞–Ω–Ω—ã–µ —Å–ø–µ—Ü–∏–∞–ª–∏—Å—Ç—ã –ø—Ä–æ–≤–µ—Ä—è—Ç –≤—Å—é –∏—Å—Ç–æ—Ä–∏—é –∞–≤—Ç–æ–º–æ–±–∏–ª—è, –ø–æ—Å–ª–µ –ø–æ–∫—É–ø–∫–∏ –∞–≤—Ç–æ –±—É–¥–µ—Ç –¥–æ—Å—Ç–∞–≤–ª–µ–Ω–æ –Ω–∞ –æ–¥–Ω—É –∏–∑ 4-—Ö –Ω–∞—à–∏—Ö –æ—Ö—Ä–∞–Ω—è–µ–º—ã—Ö –ø–ª–æ—â–∞–¥–æ–∫ –≤ –æ–¥–Ω–æ–º –∏–∑ –ø–æ—Ä—Ç—É, –¥–ª—è –ø–æ—Å–ª–µ–¥—É—é—â–µ–π –ø–æ–≥—Ä—É–∑–∫–∏ –Ω–∞ —Å—É—Ö–æ–≥—Ä—É–∑.üëç

–ú–∏–Ω–∏–º–∞–ª—å–Ω—ã–µ —Ü–µ–Ω—ã. –ë–µ–∑–æ–ø–∞—Å–Ω–∞—è –¥–æ—Å—Ç–∞–≤–∫–∞!üëå

–°—Ä–æ–∫ –¥–æ—Å—Ç–∞–≤–∫–∏ 70 - 90 –¥–Ω–µ–π —Å –º–æ–º–µ–Ω—Ç–∞ –ø–æ–∫—É–ø–∫–∏ –∞–≤—Ç–æ –∏–∑ –°–®–ê. –¢—Ä–∞–Ω—Å–ø–æ—Ä—Ç–∏—Ä–æ–≤–∫–∞ –æ—Å—É—â–µ—Å—Ç–≤–ª—è–µ—Ç—Å—è –∞–≤—Ç–æ–≤–æ–∑–æ–º –¥–æ —Ç–∞–º–æ–∂–µ–Ω–Ω–æ–π —Å—Ç–∞–Ω—Ü–∏–∏ –≤ –ë–∏—à–∫–µ–∫–µ (–≤—Å–µ –º–∞—à–∏–Ω—ã –≤ –ø—É—Ç–∏ –∑–∞—Å—Ç—Ä–∞—Ö–æ–≤–∞–Ω—ã –∏ –æ—Ç—Å–ª–µ–∂–∏–≤–∞—é—Ç—Å—è GPS) –¶–µ–Ω–∞ —Å —É—á–µ—Ç–æ–º —é—Ä–∏–¥–∏—á–µ—Å–∫–æ–π –æ—á–∏—Å—Ç–∫–∏, —Ç–∞–º–æ–∂–Ω–∏ –∏ –¥–æ—Å—Ç–∞–≤–∫–∏.‚úÖ

–¢–µ–ª. 0707 88 44 48 —Ç–µ–ª–µ—Ñ–æ–Ω –∏ W\app",1672,1 834 750 —Å–æ–º
2,Acura MDX,,$ 23 300,,"üìå –ü—Ä–µ–¥–ª–∞–≥–∞–µ–º –≤–∞–º –ø—Ä–∏–æ–±—Ä–µ—Å—Ç–∏ –¥–∞–Ω–Ω—ã–π –∏–ª–∏ –ª—é–±–æ–π –¥—Ä—É–≥–æ–π –∞–≤—Ç–æ–º–æ–±–∏–ª—å, —Å —á–∏—Å—Ç–æ–π –∏—Å—Ç–æ—Ä–∏–µ–π, –æ—Ä–∏–≥–∏–Ω–∞–ª—å–Ω—ã–º –ø—Ä–æ–±–µ–≥–æ–º –∏ –±–µ–∑ –ø–æ—Å—Ä–µ–¥–Ω–∏–∫–æ–≤ (–ø–µ—Ä–µ–∫—É–ø–æ–≤). –ú—ã –ø—Ä–µ–¥–æ—Å—Ç–∞–≤–ª—è–µ–º –≤–æ–∑–º–æ–∂–Ω–æ—Å—Ç—å –ø—Ä–æ–≤–µ—Ä–∏—Ç—å –∏—Å—Ç–æ—Ä–∏—é –∞–≤—Ç–æ–º–æ–±–∏–ª—è –¥–æ –µ–≥–æ –ø–æ–∫—É–ø–∫–∏ –Ω–∞ –∞—É–∫—Ü–∏–æ–Ω–µ.

–†–∞–±–æ—Ç–∞–µ–º —Å –∞—É–∫—Ü–∏–æ–Ω–∞–º–∏ –°–®–ê (Copart, IAAI, Manheim), —Ç–∞–∫ –∂–µ –º–æ–∂–µ–º –ø–æ–¥–æ–±—Ä–∞—Ç—å –∞–≤—Ç–æ –æ—Ç —Å–æ–±—Å—Ç–≤–µ–Ω–Ω–∏–∫–∞, –Ω–∞—à–∏ –∫–≤–∞–ª–∏—Ñ–∏—Ü–∏—Ä–æ–≤–∞–Ω–Ω—ã–µ —Å–ø–µ—Ü–∏–∞–ª–∏—Å—Ç—ã –ø—Ä–æ–≤–µ—Ä—è—Ç –≤—Å—é –∏—Å—Ç–æ—Ä–∏—é –∞–≤—Ç–æ–º–æ–±–∏–ª—è, –ø–æ—Å–ª–µ –ø–æ–∫—É–ø–∫–∏ –∞–≤—Ç–æ –±—É–¥–µ—Ç –¥–æ—Å—Ç–∞–≤–ª–µ–Ω–æ –Ω–∞ –æ–¥–Ω—É –∏–∑ 4-—Ö –Ω–∞—à–∏—Ö –æ—Ö—Ä–∞–Ω—è–µ–º—ã—Ö –ø–ª–æ—â–∞–¥–æ–∫ –≤ –æ–¥–Ω–æ–º –∏–∑ –ø–æ—Ä—Ç—É, –¥–ª—è –ø–æ—Å–ª–µ–¥—É—é—â–µ–π –ø–æ–≥—Ä—É–∑–∫–∏ –Ω–∞ —Å—É—Ö–æ–≥—Ä—É–∑.üëç

–ú–∏–Ω–∏–º–∞–ª—å–Ω—ã–µ —Ü–µ–Ω—ã. –ë–µ–∑–æ–ø–∞—Å–Ω–∞—è –¥–æ—Å—Ç–∞–≤–∫–∞!üëå

–°—Ä–æ–∫ –¥–æ—Å—Ç–∞–≤–∫–∏ 70 - 90 –¥–Ω–µ–π —Å –º–æ–º–µ–Ω—Ç–∞ –ø–æ–∫—É–ø–∫–∏ –∞–≤—Ç–æ –∏–∑ –°–®–ê. –¢—Ä–∞–Ω—Å–ø–æ—Ä—Ç–∏—Ä–æ–≤–∫–∞ –æ—Å—É—â–µ—Å—Ç–≤–ª—è–µ—Ç—Å—è –∞–≤—Ç–æ–≤–æ–∑–æ–º –¥–æ —Ç–∞–º–æ–∂–µ–Ω–Ω–æ–π —Å—Ç–∞–Ω—Ü–∏–∏ –≤ –ë–∏—à–∫–µ–∫–µ (–≤—Å–µ –º–∞—à–∏–Ω—ã –≤ –ø—É—Ç–∏ –∑–∞—Å—Ç—Ä–∞—Ö–æ–≤–∞–Ω—ã –∏ –æ—Ç—Å–ª–µ–∂–∏–≤–∞—é—Ç—Å—è GPS) –¶–µ–Ω–∞ —Å —É—á–µ—Ç–æ–º —é—Ä–∏–¥–∏—á–µ—Å–∫–æ–π –æ—á–∏—Å—Ç–∫–∏, —Ç–∞–º–æ–∂–Ω–∏ –∏ –¥–æ—Å—Ç–∞–≤–∫–∏.‚úÖ

–¢–µ–ª. 0707 88 44 48 —Ç–µ–ª–µ—Ñ–æ–Ω –∏ W\app",2003,2 085 350 —Å–æ–º
3,Acura TL,,$ 7 300,,"Acura TL -–º–æ—â–Ω–æ–µ –∏ –∫–æ–º—Ñ–æ—Ä—Ç–Ω–æ–µ —Ç—Ä–∞–Ω—Å–ø–æ—Ä—Ç–Ω–æ–µ —Å—Ä–µ–¥—Å—Ç–≤–æ.
–û–±—ä–µ–º –¥–≤–∏–≥–∞—Ç–µ–ª—è 3.2 –±–µ–Ω–∑–∏–Ω,270 –ª.—Å. —Ä–∞—Å—Ö–æ–¥ —Ç–æ–ø–ª–∏–≤–∞ –æ—Ç 9 –¥–æ 15 –ª–∏—Ç—Ä–æ–≤. –¢—Ä–∞–Ω—Å–º–∏—Å—Å–∏—è –∞–≤—Ç–æ–º–∞—Ç-—Ç–∏–ø—Ç—Ä–æ–Ω–∏–∫ 5 —Å—Ç—É–ø–µ–Ω—á–∞—Ç—ã–π ,–ø—Ä–æ–±–µ–≥ –Ω–∞ –¥–∞–Ω–Ω—ã–π –º–æ–º–µ–Ω—Ç 186000 –º–∏–ª—å.
–û—Å–Ω–∞—â–µ–Ω–∏–µ –∏ –¥–æ–ø–æ–ª–Ω–∏—Ç–µ–ª—å–Ω—ã–µ –æ–ø—Ü–∏–∏: –•–æ—Ä–æ—à–∏–π –∑–≤—É–∫ —à—Ç–∞—Ç–Ω–æ–π –∞–∫—É—Å—Ç–∏—á–µ—Å–∫–æ–π —Å–∏—Å—Ç–µ–º—ã —Å–æ –≤—Å—Ç—Ä–æ–µ–Ω–Ω—ã–º —Å–∞–±–≤—É—Ñ–µ—Ä–æ–º(–µ—Å—Ç—å –±–ª—é—Ç—É–∑),—à—Ç–∞—Ç–Ω–∞—è —Å–∏–≥–Ω–∞–ª–∏–∑–∞—Ü–∏—è,–ª—é–∫, –ø–æ–¥–æ–≥—Ä–µ–≤ –ø–µ—Ä–µ–¥–Ω–∏—Ö —Å–∏–¥–µ–Ω–∏–π,–∫—Å–µ–Ω–æ–Ω,8 srs,–ø–µ—Ä–µ–¥–Ω–∏–µ —ç–ª–µ–∫—Ç—Ä–æ —Å–∏–¥–µ–Ω–∏—è,–ø–∞–º—è—Ç–± –≤–æ–¥.—Å–∏–¥–µ–Ω–∏—è,–∫—Ä—É–∏–∑ –∫–æ–Ω—Ç—Ä–æ–ª—å,–º—É–ª—å—Ç–∏ —Ä—É–ª—å –∏ —Ç.–¥.
–°–æ—Å—Ç–æ—è–Ω–∏–µ:
–ö—É–∑–æ–≤:–ù–µ–∫–æ—Ç–æ—Ä—ã–º –¥–µ—Ç–∞–ª—è–º –Ω–µ –ø–æ–º–µ—à–∞–µ—Ç –∫–æ—Å–º–µ—Ç–∏—á–µ—Å–∫–∏–π —Ä–µ–º–æ–Ω—Ç (–º–∞—Å—à—Ç–∞–± –¥–µ—Ñ–µ–∫—Ç–æ–≤ –º–æ–∂–Ω–æ –æ—Ü–µ–Ω–∏—Ç—å –Ω–∞ —Ñ–æ—Ç–æ)
–°–∞–ª–æ–Ω: —Ç—Ä–µ—â–∏–Ω—ã –Ω–∞ –ø–∞–Ω–µ–ª–∏(–¢–æ—Ä–ø–µ–¥–æ) –æ—Ç –ø–µ—Ä–µ–≥—Ä–µ–≤–∞ –Ω–∞ —Å–æ–ª–Ω—Ü–µ,–ø—Ä–æ—Ç–µ—Ä—Ç–æ—Å—Ç–∏ –Ω–∞ –≤–æ–¥–∏—Ç–µ–ª—å—Å–∫–æ–º —Å–∏–¥–µ–Ω–∏–∏.
–¢–µ—Ö–Ω–∏—á–µ—Å–∫–æ–µ —Å–æ—Å—Ç–æ—è–Ω–∏–µ:–ú–æ—Ç–æ—Ä –∏ –ê–ö–ü–ü –∏ –≤—Å–µ¬† –¥—Ä—É–≥–∏–µ —Å–∏—Å—Ç–µ–º—ã —Ä–∞–±–æ—Ç–∞—é—Ç –±–µ–∑ –Ω–∞—Ä–µ–∫–∞–Ω–∏–π , –ø–æ —ç–ª–µ–∫—Ç—Ä–æ–Ω–∏–∫–µ –æ—à–∏–±–æ–∫ –Ω–µ—Ç, –∫–æ–Ω–¥–∏—Ü–∏–æ–Ω–µ—Ä —Ä–∞–±–æ—á–∏–π.–ø–æ —Ö–æ–¥–æ–≤–æ–π –µ—Å—Ç—å –Ω–µ –∫—Ä–∏—Ç–∏—á–Ω—ã–µ –º–æ–º–µ–Ω—Ç—ã —É—Å—Ç—Ä–∞–Ω–µ–Ω–∏–µ –∫–æ—Ç–æ—Ä—ã—Ö –æ–±–æ–π–¥–µ—Ç—Å—è –Ω–µ –±–æ–ª—å—à–∏–º–∏ —Å—Ä–µ–¥—Å—Ç–≤–∞–º–∏.
–¶–µ–Ω–∞ —Å —É—á—ë—Ç–æ–º –≤—Å–µ—Ö –Ω–µ–¥–æ—Å—Ç–∞—Ç–∫–æ–≤ 7300 $,–ø—Ä–µ–¥—É—Å–º–æ—Ç—Ä–µ–Ω –Ω–µ –±–æ–ª—å—à–æ–π –¢–æ—Ä–≥. –í–æ–∑–º–æ–∂–µ–Ω –æ–±–º–µ–Ω –Ω–∞ —É–Ω–∏–≤–µ—Ä—Å–∞–ª,–º–∏–Ω–∏–≤—ç–Ω –∏–ª–∏ –∫—Ä–æ—Å—Å–æ–≤–µ—Ä —Å –¥–æ–ø–ª–∞—Ç–æ–π –≤ –æ–±–µ —Å—Ç–æ—Ä–æ–Ω—ã –∏ –±–µ–∑.",2559,653 350 —Å–æ–º
4,Acura MDX,,$ 9 100,,"–ü—Ä–æ–¥–∞—é —Å–≤–æ—é –º–∞—à–∏–Ω—É, —Å–∞–º —Ö–æ–∑—è–∏–Ω –ø—Ä–∏–≥–æ–Ω—è–ª 13 –ª–µ—Ç –Ω–∞–∑–∞–¥, –º–∞—à–∏–Ω–∞ –Ω–µ –±–∏—Ç–∞—è –≤—Å–µ –≤ —Ä–æ–¥–Ω–æ–π –∫—Ä–∞—Å–∫–µ, –≤—Å–µ —Å—Ç–µ–∫–ª–∞ —Ä–æ–¥–Ω—ã–µ, —Å–∞–ª–æ–Ω –∂–∏–≤–æ–π,–≤—Å–µ —Ä–∞–±–æ—Ç–∞–µ—Ç –∫–∞–∫ –Ω–∞–¥–æ. –ö–∞—Ç–∞–ª–∏–∑–∞—Ç–æ—Ä—ã –Ω–∞ –º–µ—Å—Ç–µ , –¥–≤–∏–≥–∞—Ç–µ–ª—å –∏ –∫–æ—Ä–æ–±–∫–∞ —Ä–∞–±–æ—Ç–∞—é—Ç –≤ –∏–¥–µ–∞–ª–µ –≠–∫—Å–ø–ª—É–∞—Ç–∏—Ä–æ–≤–∞–ª–∞—Å—å –æ—á–µ–Ω—å –±–µ—Ä–µ–∂–Ω–æ –∏ –∞–∫–∫—É—Ä–∞—Ç–Ω–æ. –ú–∞—Å–ª–æ –º–µ–Ω—è–ª–æ—Å—å —Ä–µ–≥—É–ª—è—Ä–Ω–æ –≤–æ–æ–±—â–µ–º –æ—á–µ–Ω—å —Ö–æ—Ä–æ—à–µ–µ —Å–æ—Å—Ç–æ—è–Ω–∏–µ. –ü—Ä–æ–±–ª–µ–º —Å –º–∞—à–∏–Ω–æ–π –Ω–∏ –∫–∞–∫–∏—Ö –Ω–µ—Ç.  –¢–æ–ª—å–∫–æ –ø—Ä–æ–¥–∞–∂–∞.",1453,814 450 —Å–æ–º
5,Acura TSX,,$ 11 500,,–û–ø–∏—Å–∞–Ω–∏–µ –æ—Ç—Å—É—Ç—Å—Ç–≤—É–µ—Ç,338,1 029 250 —Å–æ–º
6,Acura MDX,,$ 10 000,,–ø—Ä–æ–¥–∞—é –∏–ª–∏ –æ–±–º–µ–Ω –Ω–∞ –Ω–µ–¥–≤–∏–∂–∏–º–æ—Å—Ç—å,30,895 000 —Å–æ–º
7,Acura MDX,,$ 22 000,,"–ü—Ä–æ–¥–∞—é –ª–∏–±–æ –º–µ–Ω—è—é 
–û–±–º–µ–Ω –≤ –æ–±–µ —Å—Ç–æ—Ä–æ–Ω—ã 
ACURA ( Honda ) MDX 
–†–µ—Å—Ç–∞–π–ª–∏–Ω–≥ 2010–≥–æ–¥ /11 –º–µ—Å—è—Ü 
4 –≤–¥ / –±–µ–Ω–∑–∏–Ω 
–û–±—ä–µ–º 3.7 –∞–≤—Ç–æ–º–∞—Ç 
–í —Å–∞–º–æ–π –ø–æ–ª–Ω–æ–π –∫–æ–º–ø–ª–µ–∫—Ç–∞—Ü–∏–∏ 
3 —Ä—è–¥–∞ —Å–∏–¥–µ–Ω–∏–π 
–ü—Ä–æ–±–µ–≥ –æ—Ä–∏–≥–∏–Ω–∞–ª 197-000 –∫–º 
–°–æ—Å—Ç–æ—è–Ω–∏–µ –∞–≤—Ç–æ –∏–¥–µ–∞–ª—å–Ω–æ–µ 
–í—Å—è –≤ —Ä–æ–¥–Ω–æ–π –∫—Ä–∞—Å–∫–µ 
–°–∞–ª–æ–Ω –∫–æ–∂–∞ / –º–æ–Ω–∏—Ç–æ—Ä / –∫–∞–º–µ—Ä–∞ –∑–∞–¥–Ω–µ–≥–æ –≤–∏–¥–∞ –≤—Å–µ –æ–ø—Ü–∏–∏ —Ä–∞–±–æ—Ç–∞—é—Ç 
–ê–≤—Ç–æ –±–µ–∑ –≤–ª–æ–∂–µ–Ω–∏–π 
–û–±–º–µ–Ω –≤ –æ–±–µ —Å—Ç–æ—Ä–æ–Ω—ã 
–¶–µ–Ω–∞ : 22-000 $$$$ 
–¢–µ–ª 0552363872",316,1 969 000 —Å–æ–º
8,Acura MDX,,$ 22 000,,"–ü—Ä–æ–¥–∞—é –ª–∏–±–æ –º–µ–Ω—è—é 
–û–±–º–µ–Ω –≤ –æ–±–µ —Å—Ç–æ—Ä–æ–Ω—ã 
ACURA ( Honda ) MDX 
–†–µ—Å—Ç–∞–π–ª–∏–Ω–≥ 2010–≥–æ–¥ /11 –º–µ—Å—è—Ü 
4 –≤–¥ / –±–µ–Ω–∑–∏–Ω 
–û–±—ä–µ–º 3.7 –∞–≤—Ç–æ–º–∞—Ç 
–í —Å–∞–º–æ–π –ø–æ–ª–Ω–æ–π –∫–æ–º–ø–ª–µ–∫—Ç–∞—Ü–∏–∏ 
3 —Ä—è–¥–∞ —Å–∏–¥–µ–Ω–∏–π 
–ü—Ä–æ–±–µ–≥ –æ—Ä–∏–≥–∏–Ω–∞–ª 198-000 –∫–º 
–°–æ—Å—Ç–æ—è–Ω–∏–µ –∞–≤—Ç–æ –∏–¥–µ–∞–ª—å–Ω–æ–µ 
–í—Å—è –≤ —Ä–æ–¥–Ω–æ–π –∫—Ä–∞—Å–∫–µ 
–°–∞–ª–æ–Ω –∫–æ–∂–∞ / –º–æ–Ω–∏—Ç–æ—Ä / –∫–∞–º–µ—Ä–∞ –∑–∞–¥–Ω–µ–≥–æ –≤–∏–¥–∞ –≤—Å–µ –æ–ø—Ü–∏–∏ —Ä–∞–±–æ—Ç–∞—é—Ç 
–ê–≤—Ç–æ –±–µ–∑ –≤–ª–æ–∂–µ–Ω–∏–π 
–û–±–º–µ–Ω –≤ –æ–±–µ —Å—Ç–æ—Ä–æ–Ω—ã 
–¶–µ–Ω–∞ : 22-000 $ 
 507-335-341 –≤–æ—Ü–∞–ø!!!",36,1 969 000 —Å–æ–º
9,Acura MDX,,$ 5 500,,–û–ø–∏—Å–∞–Ω–∏–µ –æ—Ç—Å—É—Ç—Å—Ç–≤—É–µ—Ç,142,492 250 —Å–æ–º
10,Acura MDX,,$ 7 500,,–º–∞—à–∏–Ω–∞ –≤ –æ—á–µ–Ω—å —Ö–æ—Ä–æ—à–µ–º —Å–æ—Å—Ç–æ—è–Ω–∏–∏. –≥–∞–∑ -–±–µ–Ω–∑–∏–Ω. –æ—á–µ–Ω—å —ç–∫–æ–Ω–æ–º–∏—á–Ω—ã–π. —Ç—Ä–∏ —Ä—è–¥–∞ —Å–∏–¥–µ–Ω–∏–π. —Å–∞–ª–æ–Ω –∫–æ–∂–∞. –∑–∞ –ø–æ–¥—Ä–æ–±–Ω–æ–π –∏–Ω—Ñ–æ—Ä–º–∞—Ü–∏–∏ –æ –º–∞—à–∏–Ω–µ –æ–±—Ä–∞—â–∞–π—Ç–µ—Å—å –ø–æ —Ç–µ–ª–µ—Ñ–æ–Ω—É 0703362097,440,671 250 —Å–æ–º
11,Acura MDX,,$ 7 800,,–≥–∞–∑-–±–µ–Ω–∑–∏–Ω,462,698 100 —Å–æ–º
12,Acura MDX,,$ 11 000,,–û–ø–∏—Å–∞–Ω–∏–µ –æ—Ç—Å—É—Ç—Å—Ç–≤—É–µ—Ç,344,984 500 —Å–æ–º
13,Acura RDX,,$ 23 000,,"–°—Ä–æ—á–Ω–æ –ø—Ä–æ–¥–∞–µ—Ç—Å—è!
–ü–æ–ª–Ω—ã–µ —Ö–∞—Ä–∞–∫—Ç–µ—Ä–∏—Å—Ç–∏–∫–∏ –º–æ–∂–Ω–æ –ø–æ—Å–º–æ—Ç—Ä–µ—Ç—å –ø–æ —Å—Å—ã–ª–∫–µ - https://www.drom.ru/catalog/acura/rdx/193192/ 
- Start-stop
- –ë–æ–ª—å—à–æ–π –º–æ–Ω–∏—Ç–æ—Ä
- –î–≤—É—Ö –∑–æ–Ω–Ω—ã–π –∫–ª–∏–º–∞—Ç –∫–æ–Ω—Ç—Ä–æ–ª—å
- –ü–æ–¥–æ–≥—Ä–µ–≤ –∏ –æ–±–¥—É–≤ —Å–∏–¥–µ–Ω–∏–π
- –ú—É–ª—å—Ç–∏ —Ä—É–ª—å
- –õ—é–∫
- –°–∏—Å—Ç–µ–º–∞ –ø—Ä–µ–¥–æ—Ç–≤—Ä–∞—â–µ–Ω–∏—è —Å—Ç–æ–ª–∫–Ω–æ–≤–µ–Ω–∏–π
- –î–∏—Å—Ç—Ä–æ–Ω–∏–∫ (–∞–¥–∞–ø—Ç–∏–≤–Ω—ã–π –∫—Ä—É–∏–∑ –∫–æ–Ω—Ç—Ä–æ–ª—å)
- LKAS (–∫–æ–Ω—Ç—Ä–æ–ª—å –¥–≤–∏–∂–µ–Ω–∏—è –≤ –ø–æ–ª–æ—Å–µ)
- –î–∞—Ç—á–∏–∫–∏ –¥–æ–∂–¥—è –∏ —Å–≤–µ—Ç–∞
- –ü–∞—Ä–∫—Ç—Ä–æ–Ω–∏–∫–∏
- –ö–æ–Ω—Ç—Ä–æ–ª—å —Å–ª–µ–ø–æ–π –∑–æ–Ω—ã
- –î–∏—Å–∫–∏ R18 –Ω–∞ –ª–µ—Ç–Ω–µ–π –∂–∏—Ä–Ω–æ–π —Ä–µ–∑–∏–Ω–µ Yokohama",1997,2 058 500 —Å–æ–º
14,Acura TLX,,$ 18 000,,"‚úÖ ACURA TLX
‚úÖ 2016 –≥–æ–¥
‚úÖ –û–±—ä—ë–º 2.4 –ª –º–æ—â–Ω–æ—Å—Ç—å 208 –ª.—Å.
‚úÖ –ö–ü–ü –∞–≤—Ç–æ–º–∞—Ç 
‚úÖ –ü—Ä–æ–±–µ–≥ 81250 miles
‚úÖ –®—Ç—Ä–∞—Ñ–æ–≤ –∫–∞–∫–∏—Ö –ª–∏–±–æ –æ–≥—Ä–∞–Ω–∏—á–µ–Ω–∏–π –Ω–µ—Ç
‚úÖ –†–∞—Å—Ö–æ–¥ 8 –ª–∏—Ç—Ä–æ–≤ 
‚úÖ –ö–æ–º–ø–ª–µ–∫—Ç–∞—Ü–∏—è TLX Technology Package –≤—Å–µ –∑–∞ –∏—Å–∫–ª—é—á–µ–Ω–∏–µ–º –ø–æ–¥–æ–≥—Ä–µ–≤–æ–≤ —Å–∏–¥–µ–Ω–∏–π 
‚úÖ –ü–µ—Ä–µ–¥–Ω–∏–π –ø—Ä–∏–≤–æ–¥ 
‚úÖ —Å–æ—Å—Ç–æ—è–Ω–∏–µ 10/10 –∏—Å–∫–ª—é—á–∏—Ç–µ–ª—å–Ω–æ–µ üî• üî• üî• 
‚úÖ –¶–µ–Ω–∞ 18500$ –≤–∞—Ä–∏–∞–Ω—Ç—ã –æ–±–º–µ–Ω–∞
‚úÖ –¢–µ–ª: 0554 207 702",305,1 611 000 —Å–æ–º
15,Acura TL,,$ 6 800,,–û–ø–∏—Å–∞–Ω–∏–µ –æ—Ç—Å—É—Ç—Å—Ç–≤—É–µ—Ç,694,608 600 —Å–æ–º
16,Acura RDX,,$ 12 500,,–û–ø–∏—Å–∞–Ω–∏–µ –æ—Ç—Å—É—Ç—Å—Ç–≤—É–µ—Ç,8328,1 118 750 —Å–æ–º
17,Acura MDX,,$ 13 500,,–û–ø–∏—Å–∞–Ω–∏–µ –æ—Ç—Å—É—Ç—Å—Ç–≤—É–µ—Ç,914,1 208 250 —Å–æ–º
18,Acura MDX,,$ 6 000,,–û–ø–∏—Å–∞–Ω–∏–µ –æ—Ç—Å—É—Ç—Å—Ç–≤—É–µ—Ç,913,537 000 —Å–æ–º
19,Acura TSX,,$ 8 799,,–û–ø–∏—Å–∞–Ω–∏–µ –æ—Ç—Å—É—Ç—Å—Ç–≤—É–µ—Ç,517,787 511 —Å–æ–º
20,Acura MDX,,$ 11 000,,–ü—Ä–æ–¥–∞—é –Ω–µ —Ç–æ—Ä–æ–ø–ª—é—Å—å. –ê–≤—Ç–æ –¥–ª—è –ª—é–±–∏—Ç–µ–ª–µ–π –ê–∫—É—Ä–∞ –ú–î–•.,902,984 500 —Å–æ–º
